AN	Species	Wings	Male	Female	Dimorphism	Source
KX434843.1	Acontista_multicolor	B	M	B	yes	https://theprayingmantis.co.uk/acontista-multicolor-adult-pair-mating/
NC_086817.1	Acromantis_hesione	M	M	M	no	https://www.tandfonline.com/doi/full/10.1080/00379271.2023.2301343
NC_085562.1	Acromantis_japonica	M	M	M	no	https://www.tandfonline.com/doi/full/10.1080/00379271.2023.2301343
NC_037203.1	Amantis_nawai	B	B	B	no	https://scholar.google.com/scholar?hl=it&as_sdt=0%2C5&q=A+taxonomic+review+of+the+order+Mantodea+in+Korea+based+on+morphology+and+DNA+barcodes&btnG=
NC_086818.1	Amantis_wuzhishana	B	B	B	no	https://scholar.google.com/scholar?hl=it&as_sdt=0%2C5&q=A+taxonomic+review+of+the+order+Mantodea+in+Korea+based+on
MG888436.1	Ambivia_parapopa	M	M	na	na	https://scholar.google.com/scholar?hl=it&as_sdt=0%2C5&q=First+report+of+the+order+Mantodea+from+Sundarban+biosphere+reserve%2C+India&btnG=
KY689128.1	Ambivia_undata	M	M	na	na	https://scholar.google.com/scholar?hl=it&as_sdt=0%2C5&q=First+report+of+the+order+Mantodea+from+Sundarban+biosphere+reserve%2C+India&btnG=
AA001	Ameles_andreae	B	M	B	yes	https://scholar.google.com/scholar?hl=it&as_sdt=0%2C5&q=The+snake-tail+mantis%3A+a+new+endemic+species+of+dwarf+mantis%2C+Ameles+serpentiscauda+sp.+nov.%2C+reveals+a+distinctive+mating+behavior+and+complex+communication+patterns&btnG=
43assoi	Ameles_assoi	B	M	B	yes	https://scholar.google.com/scholar?hl=it&as_sdt=0%2C5&q=The+snake-tail+mantis%3A+a+new+endemic+species+of+dwarf+mantis%2C+Ameles+serpentiscauda+sp.+nov.%2C+reveals+a+distinctive+mating+behavior+and+complex+communication+patterns&btnG=
ADEC02	Ameles_decolor	B	M	B	yes	https://scholar.google.com/scholar?hl=it&as_sdt=0%2C5&q=The+snake-tail+mantis%3A+a+new+endemic+species+of+dwarf+mantis%2C+Ameles+serpentiscauda+sp.+nov.%2C+reveals+a+distinctive+mating+behavior+and+complex+communication+patterns&btnG=
59T3	Ameles_dumonti	B	M	B	yes	https://scholar.google.com/scholar?hl=it&as_sdt=0%2C5&q=The+snake-tail+mantis%3A+a+new+endemic+species+of+dwarf+mantis%2C+Ameles+serpentiscauda+sp.+nov.%2C+reveals+a+distinctive+mating+behavior+and+complex+communication+patterns&btnG=
41K26	Ameles_picteti	B	M	B	yes	https://scholar.google.com/scholar?hl=it&as_sdt=0%2C5&q=The+snake-tail+mantis%3A+a+new+endemic+species+of+dwarf+mantis%2C+Ameles+serpentiscauda+sp.+nov.%2C+reveals+a+distinctive+mating+behavior+and+complex+communication+patterns&btnG=
AA003	Ameles_serpentiscauda	B	B	B	no	https://scholar.google.com/scholar?hl=it&as_sdt=0%2C5&q=The+snake-tail+mantis%3A+a+new+endemic+species+of+dwarf+mantis%2C+Ameles+serpentiscauda+sp.+nov.%2C+reveals+a+distinctive+mating+behavior+and+complex+communication+patterns&btnG=
AA005	Ameles_spallanzania	B	M	B	yes	https://scholar.google.com/scholar?hl=it&as_sdt=0%2C5&q=The+snake-tail+mantis%3A+a+new+endemic+species+of+dwarf+mantis%2C+Ameles+serpentiscauda+sp.+nov.%2C+reveals+a+distinctive+mating+behavior+and+complex+communication+patterns&btnG=
23spal	Ameles_spallanzania2	B	M	B	yes	https://scholar.google.com/scholar?hl=it&as_sdt=0%2C5&q=The+snake-tail+mantis%3A+a+new+endemic+species+of+dwarf+mantis%2C+Ameles+serpentiscauda+sp.+nov.%2C+reveals+a+distinctive+mating+behavior+and+complex+communication+patterns&btnG=
KX434846.1	Amorphoscelis_chinensis	M	M	M	no	https://scholar.google.com/scholar?hl=it&as_sdt=0%2C5&q=The+systematics+of+Mantodea+revisited%3A+an+updated+classification+incorporating+multiple+data+sources+%28Insecta%3A+Dictyoptera%29&btnG=
NC_057070.1	Amorphoscelis_hainana	M	M	M	no	https://scholar.google.com/scholar?hl=it&as_sdt=0%2C5&q=The+systematics+of+Mantodea+revisited%3A+an+updated+classification+incorporating+multiple+data+sources+%28Insecta%3A+Dictyoptera%29&btnG=
MG888437.1	Amorphoscelis_sp.	M	M	M	no	https://scholar.google.com/scholar?hl=it&as_sdt=0%2C5&q=The+systematics+of+Mantodea+revisited%3A+an+updated+classification+incorporating+multiple+data+sources+%28Insecta%3A+Dictyoptera%29&btnG=
OM202555.1	Anaxarcha_graminea	B	M	B	yes	https://scholar.google.com/scholar?hl=it&as_sdt=0%2C5&q=Taxonomical+study+of+the+genus+Anaxarcha+St%C3%A5l+in+China+%28Mantodea%3A+Hymenopodidae%29&btnG=
NC_086822.1	Anaxarcha_sinensis	B	M	B	yes	https://scholar.google.com/scholar?hl=it&as_sdt=0%2C5&q=Taxonomical+study+of+the+genus+Anaxarcha+St%C3%A5l+in+China+%28Mantodea%3A+Hymenopodidae%29&btnG=
OM202554.1	Anaxarcha_sp.	B	M	B	yes	https://scholar.google.com/scholar?hl=it&as_sdt=0%2C5&q=Taxonomical+study+of+the+genus+Anaxarcha+St%C3%A5l+in+China+%28Mantodea%3A+Hymenopodidae%29&btnG=
NC_086826.1	Anaxarcha_tianmushanensis	B	M	B	yes	https://scholar.google.com/scholar?hl=it&as_sdt=0%2C5&q=Taxonomical+study+of+the+genus+Anaxarcha+St%C3%A5l+in+China+%28Mantodea%3A+Hymenopodidae%29&btnG=
NC_030268.1	Anaxarcha_zhengi	B	M	B	yes	https://scholar.google.com/scholar?hl=it&as_sdt=0%2C5&q=Taxonomical+study+of+the+genus+Anaxarcha+St%C3%A5l+in+China+%28Mantodea%3A+Hymenopodidae%29&btnG=
AAP07	Apteromantis_aptera	A	A	A	no	https://www.researchgate.net/publication/262693789_A_revision_of_Apteromantis_Mantodea_Mantidae_Amelinae_A_comprehensive_approach_to_manage_old_taxonomic_and_conservation_problems
NC_086828.1	Arria_brevifrons	M	M	na	na	https://scholar.google.com/scholar?hl=it&as_sdt=0%2C5&q=A+new+species+of+the+genus+Arria+St%C3%A5l%2C+1877+%28Mantodea%2C+Haaniidae%29+from+China+with+notes+on+the+tribe+Arriini+Giglio-Tos%2C+1919&btnG=
NC_051892.1	Arria_pallida	M	M	na	na	https://scholar.google.com/scholar?hl=it&as_sdt=0%2C5&q=A+new+species+of+the+genus+Arria+St%C3%A5l%2C+1877+%28Mantodea%2C+Haaniidae%29+from+China+with+notes+on+the+tribe+Arriini+Giglio-Tos%2C+1919&btnG=
OM202563.1	Arria_pallida_2	M	M	na	na	https://scholar.google.com/scholar?hl=it&as_sdt=0%2C5&q=A+new+species+of+the+genus+Arria+St%C3%A5l%2C+1877+%28Mantodea%2C+Haaniidae%29+from+China+with+notes+on+the+tribe+Arriini+Giglio-Tos%2C+1919&btnG=
NC_086829.1	Arria_pura	M	M	A	yes	https://scholar.google.com/scholar?hl=it&as_sdt=0%2C5&q=A+new+species+of+the+genus+Arria+St%C3%A5l%2C+1877+%28Mantodea%2C+Haaniidae%29+from+China+with+notes+on+the+tribe+Arriini+Giglio-Tos%2C+1919&btnG=
MW357297.1	Asiadodis_yunnanensis	B	M	B	yes	https://www.mysterymantis.de/shop/mantodea/asiadodis-yunnanensis/
PP438763.1	Astyliasula_basinigra	B	M	B	yes	https://scholar.google.com/scholar?hl=it&as_sdt=0%2C5&q=Revision+of+Hestiasulini+Giglio-Tos%2C+1915+stat.+rev.+%28Insecta%3A+Mantodea%3A+Hymenopodidae%29+of+Borneo%2C+with+description+of+new+taxa+and+comments+on+the+taxonomy+of+the+tribe&btnG=			
NC_086830.1	Astyliasula_major	B	M	B	yes	https://scholar.google.com/scholar?hl=it&as_sdt=0%2C5&q=Revision+of+Hestiasulini+Giglio-Tos%2C+1915+stat.+rev.+%28Insecta%3A+Mantodea%3A+Hymenopodidae%29+of+Borneo%2C+with+description+of+new+taxa+and+comments+on+the+taxonomy+of+the+tribe&btnG=
KX434828.1	Blepharopsis_mendica	M	M	M	no	https://scholar.google.com/scholar?hl=it&as_sdt=0%2C5&q=The+phylogenetic+systems+of+Mantodea+%28Insecta%3A+Dictyoptera%29&btnG=
OZ336339.1	Bolivaria_brachyptera	B	M	B	yes	https://scholar.google.com/scholar?hl=it&as_sdt=0%2C5&q=The+systematics+of+Mantodea+revisited%3A+an+updated+classification+incorporating+multiple+data+sources+%28Insecta%3A+Dictyoptera%29&btnG=
KX434826.1	Brunneria_borealis	A	A	A	no	https://scholar.google.com/scholar?hl=it&as_sdt=0%2C5&q=No+mitochondrial+DNA+variation+in+COI+gene+among+widely+distributed+populations+of+a+parthenogenetic+praying+mantid%3A+a+biogeographic+puzzle&btnG=
KY689126.1	Caliris_sp.	M	M	M	no	https://scholar.google.com/scholar?hl=it&as_sdt=0%2C5&q=Biodiversity+Record%3A+New+record+of+the+praying+mantis%2C+Caliris+elegans%2C+in+Singapore&btnG=
NC_077476.1	Callibia_diana	B	M	B	yes	https://scholar.google.com/scholar?hl=it&as_sdt=0%2C5&q=llometry+and+ontogeny+in+Callibia+diana+St%C3%A5l+%28Mantodea%3A+Acanthopidae%29.%22+Neotropical+Entomology+40.4+%282011%29%3A+462-469.&btnG=
KX434812.1	Camelomantis_moultoni	B	M	B	yes	https://www.entomologiitaliani.net/public/forum/phpBB3/viewtopic.php?f=340&t=88756&view=next
OM910846.1	Carrikerella_sp.	B	M	A	yes	https://scholar.google.com/scholar?hl=it&as_sdt=0%2C5&q=The+phylogenetic+systems+of+Mantodea+%28Insecta%3A+Dictyoptera%29&btnG=
PP438765.1	Ceratocrania_macra	B	M	B	yes	https://scholar.google.com/scholar?hl=it&as_sdt=0%2C5&q=Taxonomy+and+synonymy+of+Phyllothelys+Wood-+Mason+%28Dictyoptera%3A+Mantodea%29&btnG=
KX091850.1	Ceratomantis_saussurii	B	M	B	yes	https://www.researchgate.net/publication/281745431_Revision_of_the_genus_Ceratomantis_Wood-Mason_1876_Dictyoptera_Mantodea
PP438766.1	Ceratomantis_yunnanensis	B	M	B	yes	https://www.researchgate.net/publication/281745431_Revision_of_the_genus_Ceratomantis_Wood-Mason_1876_Dictyoptera_Mantodea
NC_077479.1	Cheddikulama_straminea	B	M	B	yes	https://scholar.google.com/scholar?hl=it&as_sdt=0%2C5&q=ADDITIONS+TO+THE+MANTID+FAUNA+%28INSECTA%3A+MANTODEA%29+OF+PENCH+NATIONAL+PARK%2C+MAHARASHTRA%2C+INDIA&btnG=
PP438767.1	Chlidonoptera_lestoni	M	M	M	no	https://scholar.google.com/scholar?hl=it&as_sdt=0%2C5&q=A+cryptic+new+species+of+Chlidonoptera+Karsch%2C+1892+from+the+south+west+protected+zone+of+the+Central+African+Republic+%28Insecta%2C+Mantodea%2C+Hymenopodidae%29&btnG=
NC_069808.1	Cilnia_humeralis	B	M	B	yes	https://www.google.com/search?q=Cilnia+humeralis+&client=ubuntu&sca_esv=d539714fd0df0db7&udm=2&biw=1853&bih=891&sxsrf=ANbL-n4vJ-DNEuqLi_CxNasAkXNOJ7UiMw%3A1779359959871&ei=1-AOaoLnNKaC9u8Pj9WzoAM&ved=0ahUKEwjCrteymMqUAxUmgf0HHY_qDDQQ4dUDCBM&uact=5&oq=Cilnia+humeralis+&gs_lp=Egtnd3Mtd2l6LWltZyIRQ2lsbmlhIGh1bWVyYWxpcyAyBxAjGMkCGCcyBxAjGMkCGCcyBBAAGB4yBBAAGB4yBBAAGB4yBBAAGB4yBBAAGB4yBBAAGB5I7wRQ3wNY3wNwAXgAkAEAmAEzoAEzqgEBMbgBA8gBAPgBAZgCAqACXJgDAIgGAZIHATKgB-gFsgcBMbgHUcIHBTMtMS4xyAcigAgB&sclient=gws-wiz-img
NC_069809.1	Citharomantis_falcata	M	M	M	no	https://scholar.google.com/scholar?hl=it&as_sdt=0%2C5&q=Records+of+the+genus+Citharomantis+Rehn%2C+1909+from+Borneo+%28Insecta%3A+Mantodea%3A+Hymenopodidae%3A+Acromantinae%29&btnG=
KX434867.1	Creobroter_apicalis	M	M	M	no	https://scholar.google.com/scholar?hl=it&as_sdt=0%2C5&q=First+report+of+Creobroter+apicalis+Saussure%2C+1869+%28Mantodea%3A+Hymenopodidae%29+from+Uttar+Pradesh%2C++India&btnG=
KX091851.1	Creobroter_elongata	B	M	B	yes	https://theprayingmantis.co.uk/creobroter-gemmatus-jewelled-flower-mantis-adult-pairing_2/
NC_030267.1	Creobroter_gemmatus	M	M	M	no	https://scholar.google.com/scholar?hl=it&as_sdt=0%2C5&q=Alteration+of+sex-related+developmental+modules%3A+A+case+of+%E2%80%9Cfeminized%E2%80%9D+male+wing+morphology+in+Creobroter+gemmatus+%28Mantodea%3A+Hymenopodidae%29&btnG=
NC_037234.1	Creobroter_jiangxiensis	B	M	B	yes	na
MW222469.1	Creobroter_sp.	M	M	M	no	https://scholar.google.com/scholar?hl=it&as_sdt=0%2C5&q=Alteration+of+sex-related+developmental+modules%3A+A+case+of+%E2%80%9Cfeminized%E2%80%9D+male+wing+morphology+in+Creobroter+gemmatus+%28Mantodea%3A+Hymenopodidae%29&btnG=
KX434844.1	Decimiana_sp.	M	M	M	no	https://scholar.google.com/scholar?hl=it&as_sdt=0%2C5&q=A+new+species+of+Decimiana+Uvarov+%28Insecta%2C+Mantodea%2C+Acanthopidae%29+from+Brazil%2C+with+remarks+on+the+distribution+of+Decimiana+bolivari+%28Chopard%29&btnG=
KX434834.1	Deroplatys_desiccata	M	M	M	no	https://scholar.google.com/scholar?hl=it&as_sdt=0%2C5&q=The+Origins%2C+Evolution%2C+and+Phylogeny+of+the+Praying+Mantises+%28Dictyoptera%3A+Mantodea%29&btnG=
KY689113.1	Deroplatys_desiccata_2	M	M	M	no	https://scholar.google.com/scholar?hl=it&as_sdt=0%2C5&q=The+Origins%2C+Evolution%2C+and+Phylogeny+of+the+Praying+Mantises+%28Dictyoptera%3A+Mantodea%29&btnG=
KX434850.1	Deroplatys_lobata	M	M	M	no	https://scholar.google.com/scholar?hl=it&as_sdt=0%2C5&q=The+Origins%2C+Evolution%2C+and+Phylogeny+of+the+Praying+Mantises+%28Dictyoptera%3A+Mantodea%29&btnG=
NC_069810.1	Deroplatys_truncata	M	M	M	no	https://scholar.google.com/scholar?hl=it&as_sdt=0%2C5&q=The+Origins%2C+Evolution%2C+and+Phylogeny+of+the+Praying+Mantises+%28Dictyoptera%3A+Mantodea%29&btnG=
KX434825.1	Empusa_pennicornis	M	M	M	no	https://scholar.google.com/scholar?hl=it&as_sdt=0%2C5&q=THE+MANTIDS+OF+CAUCASUS+%28Insecta+Mantodea%29&btnG=
NC_037208.1	Eomantis_yunnanensis	M	M	M	no	https://scholar.google.com/scholar?hl=it&as_sdt=0%2C5&q=The+phylogenetic+systems+of+Mantodea+%28Insecta%3A+Dictyoptera%29&btnG=
MK400676.1	Eremiaphila_sp.	B	B	B	B	no	https://scholar.google.com/scholar?hl=it&as_sdt=0%2C5&q=The+phylogenetic+systems+of+Mantodea+%28Insecta%3A+Dictyoptera%29&btnG=
NC_077478.1	Galinthias_amoena	M	M	M	no	https://scholar.google.com/scholar?hl=it&as_sdt=0%2C5&q=R%C3%A9vision+du+genre+Galinthias+St%C3%A5l%2C+1877+%28Mantodea%2C+Galinthiadidae%29&btnG=
KX434815.1	Gongylus_gongylodes	M	M	M	no	https://scholar.google.com/scholar?hl=it&as_sdt=0%2C5&q=R%C3%A9vision+du+genre+Galinthias+St%C3%A5l%2C+1877+%28Mantodea%2C+Galinthiadidae%29&btnG=
NC_086831.1	Gonypeta_brunneri	B	M	B	yes	https://www.semanticscholar.org/paper/A-review-of-the-Gonypetidae-Westwood%2C-1889-with-two-Fatimah-Sultana/4d1749ca2aba32c3a1ad4657f9a657a14e29a6ae
OM177664.1	Gonypeta_sp.	B	M	B	yes	https://www.semanticscholar.org/paper/A-review-of-the-Gonypetidae-Westwood%2C-1889-with-two-Fatimah-Sultana/4d1749ca2aba32c3a1ad4657f9a657a14e29a6ae
KY689130.1	Haania_sp.	B	M	B	yes	https://elibrary.ru/item.asp?id=9172525
KX434845.1	Haania_vitalisi	B	M	B	yes	https://elibrary.ru/item.asp?id=9172525
KX434859.1	Hestiasula_hoffmanni	B	M	B	yes	https://scholar.google.com/scholar?hl=it&as_sdt=0%2C5&q=Revision+of+Hestiasulini+Giglio-Tos%2C+1915+stat.+rev.+%28Insecta%3A+Mantodea%3A+Hymenopodidae%29+of+Borneo%2C+with+description+of+new+taxa+and+comments+on+the+taxonomy+of+the+tribe&btnG=
KX091855.1	Hestiasula_sp.	B	M	B	yes	https://scholar.google.com/scholar?hl=it&as_sdt=0%2C5&q=Revision+of+Hestiasulini+Giglio-Tos%2C+1915+stat.+rev.+%28Insecta%3A+Mantodea%3A+Hymenopodidae%29+of+Borneo%2C+with+description+of+new+taxa+and+comments+on+the+taxonomy+of+the+tribe&btnG=
KX434823.1	Heterochaeta_sp.	M	M	M	no	https://theprayingmantis.co.uk/heterochaeta-orientalis-cat-mantis-giant-african-stick-mantis_threat_2_fb/
NC_065745.1	Hierodula_chinensis	M	M	M	no	https://scholar.google.com/scholar?hl=it&as_sdt=0%2C5&q=A+taxonomic+review+of+the+order+Mantodea+in+Korea+based+on+morphology+and+DNA+barcodes&btnG=
NC_029326.1	Hierodula_formosana	M	M	M	no	https://scholar.google.com/scholar?hl=it&as_sdt=0%2C5&q=A+taxonomic+review+of+the+order+Mantodea+in+Korea+based+on+morphology+and+DNA+barcodes&btnG=
NC_086819.1	Hierodula_latipennis	M	M	M	no	https://scholar.google.com/scholar?hl=it&as_sdt=0%2C5&q=A+taxonomic+review+of+the+order+Mantodea+in+Korea+based+on+morphology+and+DNA+barcodes&btnG=
OK542392.1	Hierodula_longa	M	M	M	no	https://scholar.google.com/scholar?hl=it&as_sdt=0%2C5&q=A+taxonomic+review+of+the+order+Mantodea+in+Korea+based+on+morphology+and+DNA+barcodes&btnG=
NC_065758.1	Hierodula_maculata	M	M	M	no	https://scholar.google.com/scholar?hl=it&as_sdt=0%2C5&q=A+taxonomic+review+of+the+order+Mantodea+in+Korea+based+on+morphology+and+DNA+barcodes&btnG=
KX434819.1	Hierodula_majuscula	M	M	M	no	https://scholar.google.com/scholar?hl=it&as_sdt=0%2C5&q=A+taxonomic+review+of+the+order+Mantodea+in+Korea+based+on+morphology+and+DNA+barcodes&btnG=
NC_048984.1	Hierodula_membranacea	M	M	M	no	https://scholar.google.com/scholar?hl=it&as_sdt=0%2C5&q=A+taxonomic+review+of+the+order+Mantodea+in+Korea+based+on+morphology+and+DNA+barcodes&btnG=
KX434830.1	Hierodula_multispina	M	M	M	no	https://scholar.google.com/scholar?hl=it&as_sdt=0%2C5&q=A+taxonomic+review+of+the+order+Mantodea+in+Korea+based+on+morphology+and+DNA+barcodes&btnG=
NC_034283.1	Hierodula_patellifera	M	M	M	no	https://scholar.google.com/scholar?hl=it&as_sdt=0%2C5&q=A+taxonomic+review+of+the+order+Mantodea+in+Korea+based+on+morphology+and+DNA+barcodes&btnG=
OL414959.1	Hierodula_sp.	M	M	M	no	https://scholar.google.com/scholar?hl=it&as_sdt=0%2C5&q=A+taxonomic+review+of+the+order+Mantodea+in+Korea+based+on+morphology+and+DNA+barcodes&btnG=
MW357298.1	Hierodula_sp._2	M	M	M	no	https://scholar.google.com/scholar?hl=it&as_sdt=0%2C5&q=A+taxonomic+review+of+the+order+Mantodea+in+Korea+based+on+morphology+and+DNA+barcodes&btnG=
NC_065746.1	Hierodula_zhangi	M	M	M	no	https://scholar.google.com/scholar?hl=it&as_sdt=0%2C5&q=A+taxonomic+review+of+the+order+Mantodea+in+Korea+based+on+morphology+and+DNA+barcodes&btnG=
KY689136.1	Hierodulella_sp.	M	M	M	no	https://scholar.google.com/scholar?hl=it&as_sdt=0%2C5&q=A+taxonomic+review+of+the+order+Mantodea+in+Korea+based+on+morphology+and+DNA+barcodes&btnG=
NC_030264.1	Humbertiella_nada	M	M	na	na	https://scholar.google.com/scholar?hl=it&as_sdt=0%2C5&q=Mantodea+%28Insecta%29+of+Nepal%3A+corrections+and+annotations+to+the+checklist&btnG=
KX434857.1	Humbertiella_nada_2	M	M	na	na	https://scholar.google.com/scholar?hl=it&as_sdt=0%2C5&q=Mantodea+%28Insecta%29+of+Nepal%3A+corrections+and+annotations+to+the+checklist&btnG=
MG888449.1	Hymenopus_coronatoides	M	M	M	no	https://scholar.google.com/scholar?hl=it&as_sdt=0%2C5&q=A+taxonomic+review+of+the+order+Mantodea+in+Korea+based+on+morphology+and+DNA+barcodes&btnG=
KX434861.1	Hymenopus_coronatus	M	M	M	no	https://scholar.google.com/scholar?hl=it&as_sdt=0%2C5&q=A+taxonomic+review+of+the+order+Mantodea+in+Korea+based+on+morphology+and+DNA+barcodes&btnG=
KX434864.1	Idolomantis_diabolica	M	M	M	no	https://www.researchgate.net/publication/330385090_Invasive_Mantodea_species_in_Europe
KX434824.1	Idolomorpha_lateralis	M	M	M	no	https://scholar.google.com/scholar?q=Of+flowers+and+twigs:+phylogenetic+revision+of+the+plant-mimicking+praying+mantises+(Mantodea:+Empusidae+and+Hymenopodidae)+with+a+new+suprageneric+classification&hl=it&as_sdt=0,5
KX434820.1	Iris_polystictica	B	M	B	yes	https://scholar.google.com/scholar?hl=it&as_sdt=0%2C5&q=The+phylogenetic+systems+of+Mantodea+%28Insecta%3A+Dictyoptera%29&btnG=
NC_024028.1	Leptomantella_albella	M	M	M	no	https://scholar.google.com/scholar?hl=it&as_sdt=0%2C5&q=A+review+of+the+Leptomantellidae+of+Borneo+%28Insecta%3A+Mantodea%29&btnG=
MG888453.1	Leptomantella_lactea	M	M	M	no	https://scholar.google.com/scholar?hl=it&as_sdt=0%2C5&q=A+review+of+the+Leptomantellidae+of+Borneo+%28Insecta%3A+Mantodea%29&btnG=
OM202571.1	Leptomantella_sp.	M	M	M	no	https://scholar.google.com/scholar?hl=it&as_sdt=0%2C5&q=A+review+of+the+Leptomantellidae+of+Borneo+%28Insecta%3A+Mantodea%29&btnG=
OK480879.1	Leptomantella_tonkinae	M	M	M	no	https://scholar.google.com/scholar?hl=it&as_sdt=0%2C5&q=A+review+of+the+Leptomantellidae+of+Borneo+%28Insecta%3A+Mantodea%29&btnG=
PP072306.1	Majangella_moultoni	M	M	M	no	https://scholar.google.com/scholar?hl=it&as_sdt=0%2C5&q=A+case+of+the+higher-level+classification+of+praying+mantises+%28Mantodea%29+obscuring+the+synonymy+of+Majangella+Giglio-Tos%2C+1915+%28Liturgusidae%2C+Liturgusinae%29+and+Ephippiomantis+Werner%2C+1922+%28Hymenopodidae%2C+Acromantinae%29&btnG=
NC_030265.1	Mantis_religiosa	M	M	M	no	https://scholar.google.com/scholar?hl=it&as_sdt=0%2C5&q=A+taxonomic+review+of+the+order+Mantodea+in+Korea+based+on+morphology+and+DNA+barcodes&btnG=
MN267041.1	Mekongomantis_quinquespinosa	M	M	M	no	https://scholar.google.com/scholar?hl=it&as_sdt=0%2C5&q=A+new+species+and+two+new+species+records+of+Hierodulinae+from+China%2C+with+a+revision+of+Hierodula+chinensis+%28Mantodea%3A+Mantidae%29&btnG=
MW357300.1	Mesopteryx_alata	M	M	M	no	https://www.researchgate.net/publication/362278553_Illustrated_description_of_the_mantis_Mesopteryx_platycephala_Mantodea_Mantidae_collected_from_West_Bengal_India
KX434813.1	Mesopteryx_alata_2	M	M	M	no	https://www.researchgate.net/publication/362278553_Illustrated_description_of_the_mantis_Mesopteryx_platycephala_Mantodea_Mantidae_collected_from_West_Bengal_India
KX434871.1	Metallyticus_sp.	M	M	M	no	https://scholar.google.com/scholar?hl=it&as_sdt=0%2C5&q=The+systematics+of+Mantodea+revisited%3A+an+updated+classification+incorporating+multiple+data+sources+%28Insecta%3A+Dictyoptera%29&btnG=
MG888455.1	Metallyticus_splendidus	M	M	M	no	https://scholar.google.com/scholar?hl=it&as_sdt=0%2C5&q=The+systematics+of+Mantodea+revisited%3A+an+updated+classification+incorporating+multiple+data+sources+%28Insecta%3A+Dictyoptera%29&btnG=
KX434808.1	Miomantis_caffra	B	M	B	yes	https://scholar.google.com/scholar?hl=it&as_sdt=0%2C5&q=Citizen+scientists+track+a+charismatic+carnivore%3A+Mapping+the+spread+and+impact+of+the+South+African+Mantis+%28Miomantidae%2C+Miomantis+caffra%29+in+Australia&btnG=
OM202562.1	Miromantis_sp.	M	M	M	no	https://www.inaturalist.org/taxa/749501-Miromantis-yunnanensis/browse_photos
KX434810.1	Miromantis_yunnanensis	M	M	M	no	https://www.inaturalist.org/taxa/749501-Miromantis-yunnanensis/browse_photos
KX434858.1	Neodanuria_bolauana	M	M	na	na	https://scholar.google.com/scholar?hl=it&as_sdt=0%2C5&q=An+annotated+type+catalogue+of+praying+mantises+%28Mantodea%29++in+the+Zoological+Museum+Hamburg+%28ZMH%29&btnG=
PP072307.1	Odontomantis_sp.	M	M	M	no	https://scholar.google.com/scholar?hl=it&as_sdt=0%2C5&q=RECORDS+OF+PRAYING+MANTIDS+%28INSECTA%3A+MANTODEA%29+FROM+TWO+AREAS+OF+CENTRAL+KALIMANTAN%2C+AND+NOTES+ON+BORNEAN++ODONTOMANTIS+AND+HIERODULA&btnG=
KX434842.1	Orthodera_ministralis	B	M	B	yes	https://grasslands.ecolinc.vic.edu.au/fieldguide/fauna/garden-mantis#details
NC_086621.1	Otomantis_scutigera	M	M	M	no	https://theprayingmantis.co.uk/product/otomantis-scutigera-african-boxer-mantis-3rd-instar-1-x-nymph/
KX434856.1	Otomantis_sp.	M	M	M	no	https://theprayingmantis.co.uk/product/otomantis-scutigera-african-boxer-mantis-3rd-instar-1-x-nymph/
NC_069811.1	Pachymantis_bicingulata	M	M	M	no	https://scholar.google.com/scholar?hl=it&as_sdt=0%2C5&q=R%C3%A9vision+du+genre+Pachymantis+Saussure%2C+1871++%28Mantodea%2C+Hymenopodidae%29&btnG=
PP438770.1	Panurgica_fratercula	B	M	B	yes	https://scholar.google.com/scholar?hl=it&as_sdt=0%2C5&q=The+type+material+of+Mantodea+%28praying+mantises%29+deposited+in+the+National+Museum+of+Natural+History%2C++Smithsonian+Institution%2C+USA&btnG=
KY689117.1	Parablepharis_kuhlii	B	M	B	yes	https://scholar.google.com/scholar?hl=it&as_sdt=0%2C5&q=Contribution+%C3%A0+la+connaissance+du+genre+Parablepharis++Saussure%2C+1870+%28Mantodea%29%2B&btnG=
MG888456.1	Parablepharis_kuhlii_asiatica	B	M	B	yes	https://scholar.google.com/scholar?hl=it&as_sdt=0%2C5&q=Contribution+%C3%A0+la+connaissance+du+genre+Parablepharis++Saussure%2C+1870+%28Mantodea%29%2B&btnG=
NC_066978.1	Parasphendale_agrionina	B	M	B	yes	https://scholar.google.com/scholar?hl=it&as_sdt=0%2C5&q=Yager+DD%2C+May+ML.+1990.+Ultrasound-triggered%2C+flight-gated+evasive+maneuvers+in+the+praying+mantis%2C+Parasphendale+agrionina+Gerst..+II.+Tethered+flight.+J+Exp+Biol+152%3A41%E2%80%9358.&btnG=
MG888457.1	Paratoxodera_gigliotosi	M	M	M	no	https://www.researchgate.net/publication/363493732_New_records_of_Toxoderid_species_Dictyoptera_Mantodea_Toxoderidae_from_Thailand
NC_037697.1	Paratoxodera_polyacantha	M	M	M	no	https://www.researchgate.net/publication/363493732_New_records_of_Toxoderid_species_Dictyoptera_Mantodea_Toxoderidae_from_Thailand	
KX434870.1	Parymenopus_davisoni	M	M	M	no	https://scholar.google.com/scholar?hl=it&as_sdt=0%2C5&q=Parymenopus+davisoni+Wood-Mason+synonym+of+Helvia+cardinalis++St%C3%A5l+%28Insecta%3A+Mantodea%3A+Hymenopodidae%29&btnG=
NC_086795.1	Phyllocrania_paradoxa	B	M	B	yes	https://www.researchgate.net/publication/369475577_The_impact_of_the_river_Comoe_and_its_tropical_surrounding_gallery_forest_on_the_praying_mantis_composition_of_the_Comoe_National_Park_Ivory_Coast
NC_086622.1	Phyllothelys_breve	M	M	M	no	https://scholar.google.com/scholar?hl=it&as_sdt=0%2C5&q=Taxonomic+revision+of+the+genus+Phyllothelys+Wood-Mason+%28Mantodea%3A+Hymenopodidae%29+from+China&btnG=
MT024239.1	Phyllothelys_breve_2	M	M	M	no	https://scholar.google.com/scholar?hl=it&as_sdt=0%2C5&q=Taxonomic+revision+of+the+genus+Phyllothelys+Wood-Mason+%28Mantodea%3A+Hymenopodidae%29+from+China&btnG=
KX091863.1	Phyllothelys_shaanxiense	M	M	M	no	https://scholar.google.com/scholar?hl=it&as_sdt=0%2C5&q=Taxonomic+revision+of+the+genus+Phyllothelys+Wood-Mason+%28Mantodea%3A+Hymenopodidae%29+from+China&btnG=
NC_086824.1	Phyllothelys_sinensis	M	M	M	no	https://scholar.google.com/scholar?hl=it&as_sdt=0%2C5&q=Taxonomic+revision+of+the+genus+Phyllothelys+Wood-Mason+%28Mantodea%3A+Hymenopodidae%29+from+China&btnG=
KY689119.1	Phyllothelys_sp.	M	M	M	no	https://scholar.google.com/scholar?hl=it&as_sdt=0%2C5&q=Taxonomic+revision+of+the+genus+Phyllothelys+Wood-Mason+%28Mantodea%3A+Hymenopodidae%29+from+China&btnG=
NC_086825.1	Phyllothelys_werneri	M	M	M	no	https://scholar.google.com/scholar?hl=it&as_sdt=0%2C5&q=Taxonomic+revision+of+the+genus+Phyllothelys+Wood-Mason+%28Mantodea%3A+Hymenopodidae%29+from+China&btnG=
NC_051490.1	Pliacanthopus_bimaculatus	M	M	M	no	https://scholar.google.com/scholar?hl=it&as_sdt=0%2C5&q=New+and+little-known+species+of+genus+Pliacanthopus+Giglio-Tos+%28Dictyoptera%3A+Mantodea%3A+Nanomantidae%29&btnG=
KX434821.1	Plistospilota_sp.	M	M	M	no	https://www.inaturalist.org/taxa/196829-Plistospilota-guineensis
KX434851.1	Pnigomantis_medioconstricta	M	M	M	no	https://www.inaturalist.org/taxa/749971-Pnigomantis-medioconstricta
KX434863.1	Polyspilota_griffinii	M	M	M	no	https://scholar.google.com/scholar?hl=it&as_sdt=0%2C5&q=A+survey+of+the+praying+mantises+of+Rwanda%2C+including+new+records+%28Insecta%2C+Mantodea%29&btnG=
KX434839.1	Popa_spurca	B	M	B	yes	https://scholar.google.com/scholar?hl=it&as_sdt=0%2C5&q=A+survey+of+the+praying+mantises+of+Rwanda%2C+including+new+records+%28Insecta%2C+Mantodea%29&btnG=
KX434855.1	Prohierodula_picta	B	M	B	yes	https://theprayingmantis.co.uk/prohierodula-picta_1st-pairing_fb/
KX434868.1	Prohierodula_sp.	B	M	B	yes	https://theprayingmantis.co.uk/prohierodula-picta_1st-pairing_fb/
PV564197.1	Pseudacanthops_lobipes	B	M	B	yes	https://scholar.google.com/scholar?hl=it&as_sdt=0%2C5&q=Synopsis+of+the+Neotropical+mantid+genus+Pseudacanthops+Saussure%2C+1870%2C+with+the+description+of+three+new+species+%28Mantodea%3A+Acanthopidae%29&btnG=
NC_086821.1	Pseudempusa_pinnapavonis	B	M	B	yes	https://www.alamy.com/stock-photo/pseudempusa-pinnapavonis.html?sortBy=relevant
KX434847.1	Pseudempusa_pinnapavonis_2	B	M	B	yes	https://www.alamy.com/stock-photo/pseudempusa-pinnapavonis.html?sortBy=relevant
KX434811.1	Pseudocreobotra_wahlbergii	M	M	M	no	https://scholar.google.com/scholar?hl=it&as_sdt=0%2C5&q=Many-to-one+mapping+in+Mantodea%3A+camouflage+strategy+and+phylogeny+drive+strike+variation+in+prey+capture+with+raptorial+forelegs&btnG=
KX434841.1	Pseudogalepsus_sp.	B	M	B	yes	https://scholar.google.com/scholar?hl=it&as_sdt=0%2C5&q=The+phylogenetic+systems+of+Mantodea+%28Insecta%3A+Dictyoptera%29&btnG=
KX434838.1	Pseudovates_chlorophaea	M	M	M	no	https://scholar.google.com/scholar?hl=it&as_sdt=0%2C5&q=Many-to-one+mapping+in+Mantodea%3A+camouflage+strategy+and+phylogeny+drive
MW357301.1	Pseudovates_peruviana	M	M	M	no	https://scholar.google.com/scholar?hl=it&as_sdt=0%2C5&q=Many-to-one+mapping+in+Mantodea%3A+camouflage+strategy+and+phylogeny+drive
16CI1f	Pseudoyersinia_betancuriae	B	B	B	no	https://scholar.google.com/scholar?hl=it&as_sdt=0%2C5&q=The+snake-tail+mantis%3A+a+new+endemic+species+of+dwarf+mantis%2C+Ameles+serpentiscauda+sp.+nov.%2C+reveals+a+distinctive+mating+behavior+and+complex+communication+patterns&btnG=
NC_045876.1	Psychomantis_borneensis	M	M	M	no	https://scholar.google.com/scholar?hl=it&as_sdt=0%2C5&q=Of+flowers+and+twigs%3A+phylogenetic+revision+of+the+plant-mimicking+praying+mantises+%28Mantodea%3A+Empusidae+and+Hymenopodidae%29+with+a+new+suprageneric+classification&btnG=
NC_077477.1	Raptrix_fusca	B	M	B	yes	https://scholar.google.com/scholar?hl=it&as_sdt=0%2C5&q=Remarks+on+the+genus+Raptrix+%28Mantodea%2C+Acontiothespinae%29+with+a+description+of+two+new+species&btnG=
NC_034282.1	Rhombodera_brachynota	M	M	M	no	https://scholar.google.com/scholar?hl=it&as_sdt=0%2C5&q=A+taxonomic+review+of+the+order+Mantodea+in+Korea+based+on+morphology+and+DNA+barcodes&btnG=
KX091864.1	Rhombodera_latipronotum	M	M	M	no	https://scholar.google.com/scholar?hl=it&as_sdt=0%2C5&q=A+taxonomic+review+of+the+order+Mantodea+in+Korea+based+on+morphology+and+DNA+barcodes&btnG=
NC_051489.1	Rhombodera_longa	M	M	M	no	https://scholar.google.com/scholar?hl=it&as_sdt=0%2C5&q=A+taxonomic+review+of+the+order+Mantodea+in+Korea+based+on+morphology+and+DNA+barcodes&btnG=
KX619654.1	Rhombodera_sp.	M	M	M	no	https://scholar.google.com/scholar?hl=it&as_sdt=0%2C5&q=A+taxonomic+review+of+the+order+Mantodea+in+Korea+based+on+morphology+and+DNA+barcodes&btnG=
NC_034284.1	Rhombodera_valida	M	M	M	no	https://scholar.google.com/scholar?hl=it&as_sdt=0%2C5&q=A+taxonomic+review+of+the+order+Mantodea+in+Korea+based+on+morphology+and+DNA+barcodes&btnG=
RBE05	Rivetina_baetica	B	M	B	yes	https://scholar.google.com/scholar?hl=it&as_sdt=0%2C5&q=The+systematics+of+Mantodea+revisited%3A+an+updated+classification+incorporating+multiple+data+sources+%28Insecta%3A+Dictyoptera%29&btnG=
NC_037206.1	Sceptuchus_simplex	M	M	na	na	https://scholar.google.com/scholar?hl=it&as_sdt=0%2C5&q=RECORDS+OF+PRAYING+MANTIDS+%28INSECTA%3A+MANTODEA%29+FROM+TWO+AREAS+OF+CENTRAL+KALIMANTAN%2C+AND+NOTES+ON+BORNEAN++ODONTOMANTIS+AND+HIERODULA&btnG=
NC_037207.1	Schizocephala_bicornis	M	M	na	na	https://www.researchgate.net/publication/390166521_A_checklist_of_Mantodea_for_Myanmar_with_the_first_record_of_Schizocephala_bicornis_Mantodea_Eremiaphilidae_for_the_country	
NC_037235.1	Sibylla_pretiosa	M	M	M	no	https://theprayingmantis.co.uk/product/sibylla-pretiosa-the-cryptic-mantis-3rd-instar/
NC_063851.1	Sinomantis_denticulata	M	M	M	no	https://www.gbif.org/en/species/1403920
KX434860.1	Sinomiopteryx_grahami	M	M	A	yes	https://scholar.google.com/scholar?hl=it&as_sdt=0%2C5&q=A+new+species+of+the+genus+Arria+St%C3%A5l%2C+1877+%28Mantodea%2C+Haaniidae%29+from+China+with+notes+on+the+tribe+Arriini+Giglio-Tos%2C+1919&btnG=
MG888464.1	Sinomiopteryx_guangxiensis	M	M	A	yes	https://scholar.google.com/scholar?hl=it&as_sdt=0%2C5&q=A+new+species+of+the+genus+Arria+St%C3%A5l%2C+1877+%28Mantodea%2C+Haaniidae%29+from+China+with+notes+on+the+tribe+Arriini+Giglio-Tos%2C+1919&btnG=
OM202561.1	Sinomiopteryx_sp.	M	M	A	yes	https://scholar.google.com/scholar?hl=it&as_sdt=0%2C5&q=A+new+species+of+the+genus+Arria+St%C3%A5l%2C+1877+%28Mantodea%2C+Haaniidae%29+from+China+with+notes+on+the+tribe+Arriini+Giglio-Tos%2C+1919&btnG=
NC_037204.1	Sphodromantis_lineola	M	M	M	no	https://scholar.google.com/scholar?hl=it&as_sdt=0%2C5&q=Manual+of+praying+mantis+morphology%2C+nomenclature%2C++and+practices+%28Insecta%2C+Mantodea%29&btnG=
KX434840.1	Sphodromantis_viridis	M	M	M	no	https://scholar.google.com/scholar?hl=it&as_sdt=0%2C5&q=Manual+of+praying+mantis+morphology%2C+nomenclature%2C++and+practices+%28Insecta%2C+Mantodea%29&btnG=
KX434816.1	Spilomantis_occipitalis	M	M	M	no	https://www.inaturalist.org/taxa/1097211-Spilomantis-occipitalis/browse_photos
KX091854.1	Spilomantis_occipitalis_2	M	M	M	no	https://www.inaturalist.org/taxa/1097211-Spilomantis-occipitalis/browse_photos
MW357302.1	Stagmatoptera_biocellata	M	M	M	no	https://scholar.google.com/scholar?hl=it&as_sdt=0%2C5&q=ONTOGENY+OF+THE+BEHAVIOUR+IN+THE+PRAYING++MANTIS&btnG=
NC_086820.1	Statilia_agresta	M	M	M	no	https://scholar.google.com/scholar?hl=it&as_sdt=0%2C5&q=ADDITIONS+TO+THE+MANTID+FAUNA+%28INSECTA%3A+MANTODEA%29+OF+PENCH+NATIONAL+PARK%2C+MAHARASHTRA%2C+INDIA&btnG=
NC_065761.1	Statilia_flavobrunnea	M	M	M	no	https://scholar.google.com/scholar?hl=it&as_sdt=0%2C5&q=ADDITIONS+TO+THE+MANTID+FAUNA+%28INSECTA%3A+MANTODEA%29+OF+PENCH+NATIONAL+PARK%2C+MAHARASHTRA%2C+INDIA&btnG=
NC_065760.1	Statilia_maculata	M	M	M	no	https://scholar.google.com/scholar?hl=it&as_sdt=0%2C5&q=ADDITIONS+TO+THE+MANTID+FAUNA+%28INSECTA%3A+MANTODEA%29+OF+PENCH+NATIONAL+PARK%2C+MAHARASHTRA%2C+INDIA&btnG=
KU201316.1	Statilia_sp.	M	M	M	no	https://scholar.google.com/scholar?hl=it&as_sdt=0%2C5&q=ADDITIONS+TO+THE+MANTID+FAUNA+%28INSECTA%3A+MANTODEA%29+OF+PENCH+NATIONAL+PARK%2C+MAHARASHTRA%2C+INDIA&btnG=
OL414957.1	Statilia_sp._2	M	M	M	no	https://scholar.google.com/scholar?hl=it&as_sdt=0%2C5&q=ADDITIONS+TO+THE+MANTID+FAUNA+%28INSECTA%3A+MANTODEA%29+OF+PENCH+NATIONAL+PARK%2C+MAHARASHTRA%2C+INDIA&btnG=
KY689118.1	Stenotoxodera_porioni	M	M	M	no	https://scholar.google.com/scholar?hl=it&as_sdt=0%2C5&q=NEW+RECORDS+OF+PRAYING+MANTIS+%28MANTODEA%29++FROM+THAILAND&btnG=
NC_007702.1	Tamolanica_tamolana	M	M	M	no	https://scholar.google.com/scholar?hl=it&as_sdt=0%2C5&q=The+phylogenetic+systems+of+Mantodea+%28Insecta%3A+Dictyoptera%29&btnG=
KX434862.1	Tarachomantis_alaotrana	M	M	M	no	https://scholar.google.com/scholar?hl=it&as_sdt=0%2C5&q=Les+petites+Tarachomantis+Brancsik%2C+1893+%28Dictyoptera+%3A+Mantidae%29+de+Madagascar+et+de+l%E2%80%99archipel+des+Comores&btnG=
KX434817.1	Taumantis_sigiana	B	M	B	yes	https://www.littlebigworlds.com/systematik/miomantidae/taumantis-sigiana/	
NC_065759.1	Tenodera_angustipennis	M	M	M	no	https://scholar.google.com/scholar?hl=it&as_sdt=0%2C5&q=A+taxonomic+review+of+the+order+Mantodea+in+Korea+based+on+morphology+and+DNA+barcodes&btnG=
OK542393.1	Tenodera_aridifolia_brevicollis	M	M	M	no	https://scholar.google.com/scholar?hl=it&as_sdt=0%2C5&q=A+taxonomic+review+of+the+order+Mantodea+in+Korea+based+on+morphology+and+DNA+barcodes&btnG=
NC_030266.1	Tenodera_sinensis	M	M	M	no	https://scholar.google.com/scholar?hl=it&as_sdt=0%2C5&q=A+taxonomic+review+of+the+order+Mantodea+in+Korea+based+on+morphology+and+DNA+barcodes&btnG=
OM202552.1	Tenodera_sp.	M	M	M	no	https://scholar.google.com/scholar?hl=it&as_sdt=0%2C5&q=A+taxonomic+review+of+the+order+Mantodea+in+Korea+based+on+morphology+and+DNA+barcodes&btnG=
NC_086832.1	Theopompa_maculosa	B	M	B	yes	https://scholar.google.com/scholar?hl=it&as_sdt=0%2C5&q=The+systematics+of+Mantodea+revisited%3A+an+updated+classification+incorporating+multiple+data+sources+%28Insecta%3A+Dictyoptera%29&btnG=
KX434849.1	Theopompa_milligratulata	B	M	B	yes	https://scholar.google.com/scholar?hl=it&as_sdt=0%2C5&q=The+systematics+of+Mantodea+revisited%3A+an+updated+classification+incorporating+multiple+data+sources+%28Insecta%3A+Dictyoptera%29&btnG=
NC_086827.1	Theopompa_ophthalmica	B	M	B	yes	https://scholar.google.com/scholar?hl=it&as_sdt=0%2C5&q=The+systematics+of+Mantodea+revisited%3A+an+updated+classification+incorporating+multiple+data+sources+%28Insecta%3A+Dictyoptera%29&btnG=
KU201314.1	Theopompa_sp.	B	M	B	yes	https://scholar.google.com/scholar?hl=it&as_sdt=0%2C5&q=The+systematics+of+Mantodea+revisited%3A+an+updated+classification+incorporating+multiple+data+sources+%28Insecta%3A+Dictyoptera%29&btnG=
KX434829.1	Theopropus_cattulus	M	M	M	no	https://entomoresin.com/1pdf/mantis3.pdf
KY689125.1	Theopropus_elegans	M	M	M	no	https://entomoresin.com/1pdf/mantis3.pdf
KX434818.1	Theopropus_rubrobrunneus	M	M	M	no	https://entomoresin.com/1pdf/mantis3.pdf
NC_086823.1	Theopropus_sinecus	M	M	M	no	https://entomoresin.com/1pdf/mantis3.pdf
OM202564.1	Theopropus_sp.	M	M	M	no	https://entomoresin.com/1pdf/mantis3.pdf
KX434837.1	Toxodera_hauseri	B	B	B	no	https://journal.nsm.or.th/sites/default/files/2025-08/THNHMJ%2019%281%29-04.pdf
NC_037205.1	Tropidomantis_tenera	M	M	M	no	https://entomoresin.com/1pdf/mantis3.pdf
MW357303.1	Yersinia_mexicana	M	M	A	yes	https://entomoresin.com/1pdf/mantis3.pdf
