AN	Species	Wings	Male	Female	Dimorphism	Photos_Male	Photos_Female
KX434843.1	Acontista_multicolor	M	M	M	no		
NC_086817.1	Acromantis_hesione	M	M	M	no		
NC_085562.1	Acromantis_japonica	M	M	M	no		
NC_037203.1	Amantis_nawai	M	M	B	yes		
NC_086818.1	Amantis_wuzhishana	M	M	B	yes		
MG888436.1	Ambivia_parapopa	M	M	M	no		https://www.inaturalist.org/observations/208924335
KY689128.1	Ambivia_undata	M	M	M	no		https://www.inaturalist.org/observations/208924335
AA001	Ameles_andreae	B	M	B	yes		
43assoi	Ameles_assoi	B	M	B	yes		
ADEC02	Ameles_decolor	B	M	B	yes		
59T3	Ameles_dumonti	B	M	B	yes		
41K26	Ameles_picteti	B	M	B	yes		
AA003	Ameles_serpentiscauda	B	B	B	no		
AA005	Ameles_spallanzania	B	M	B	yes		
23spal	Ameles_spallanzania2	B	M	B	yes		
KX434846.1	Amorphoscelis_chinensis	M	M	M	no		
NC_057070.1	Amorphoscelis_hainana	M	M	M	no		
MG888437.1	Amorphoscelis_sp.	M	M	M	no		
OM202555.1	Anaxarcha_graminea	M	M	M	no		
NC_086822.1	Anaxarcha_sinensis	M	M	M	no		
OM202554.1	Anaxarcha_sp.	M	M	M	no		
NC_086826.1	Anaxarcha_tianmushanensis	M	M	M	no		
NC_030268.1	Anaxarcha_zhengi	M	M	M	no		
AAP07	Apteromantis_aptera	A	A	A	no		
NC_086828.1	Arria_brevifrons	M	M	A	yes		
NC_051892.1	Arria_pallida	M	M	A	yes		
OM202563.1	Arria_pallida_2	M	M	A	yes		
NC_086829.1	Arria_pura	M	M	A	yes		
MW357297.1	Asiadodis_yunnanensis	M	M	M	no		
PP438763.1	Astyliasula_basinigra	B	M	B	yes	"https://storage.googleapis.com/august-storm-400414.appspot.com/MantID_assets/GSMC004568_DH_100mm_1	2.jpg_"	
NC_086830.1	Astyliasula_major	B	M	B	yes	"https://storage.googleapis.com/august-storm-400414.appspot.com/MantID_assets/GSMC004568_DH_100mm_1	2.jpg_"	
KX434828.1	Blepharopsis_mendica	M	M	M	no	"https://storage.googleapis.com/august-storm-400414.appspot.com/MantID_assets/GSMC005124_Blepharopsis_mendica_M_DH_50mm_1	4.jpg_"	"https://storage.googleapis.com/august-storm-400414.appspot.com/MantID_assets/GSMC005125_Blepharopsis_mendica_F_DH_50mm_1	4.jpg_"
OZ336339.1	Bolivaria_brachyptera	B	B	B	no	"https://storage.googleapis.com/august-storm-400414.appspot.com/MantID_assets/SMNK_Bolivaria_brachyptera_M_DH_100mm_1	2.jpg_"	"https://storage.googleapis.com/august-storm-400414.appspot.com/MantID_assets/NHMW_Bolivaria_brachyptera_F_DH_100mm_1	2.jpg_"
KX434826.1	Brunneria_borealis	B	B	B	no		"https://storage.googleapis.com/august-storm-400414.appspot.com/MantID_assets/Brunneria_borealis_HoloF_DH_50mm_1	4.jpg_"
KY689126.1	Caliris_sp.	M	M	M	no	https://scholar.google.com/scholar?hl=it&as_sdt=0%2C5&q=Biodiversity+Record%3A+New+record+of+the+praying+mantis%2C+Caliris+elegans%2C+in+Singapore&btnG=_	..
NC_077476.1	Callibia_diana	M	M	M	no	https://ento360.com/mantid/specimens/70	
KX434812.1	Camelomantis_moultoni	B	M	B	yes	https://www.entomologiitaliani.net/public/forum/phpBB3/viewtopic.php?f=340&t=88756&view=next_	..
OM910846.1	Carrikerella_sp.	M	M	A	yes	https://ento360.com/mantid/specimens/75_	
PP438765.1	Ceratocrania_macra	B	M	B	yes	"https://storage.googleapis.com/august-storm-400414.appspot.com/MantID_assets/GSMC003918_DH_50mm_1	2.5.jpg_"	
KX091850.1	Ceratomantis_saussurii	B	M	B	yes	"https://storage.googleapis.com/august-storm-400414.appspot.com/MantID_assets/GSMC003763_DH_100mm_1	1.5.jpg_"	
PP438766.1	Ceratomantis_yunnanensis	B	M	B	yes	"https://storage.googleapis.com/august-storm-400414.appspot.com/MantID_assets/GSMC003763_DH_100mm_1	1.5.jpg_"	
NC_077479.1	Cheddikulama_straminea	B	M	B	yes		
PP438767.1	Chlidonoptera_lestoni	M	M	M	no	"https://storage.googleapis.com/august-storm-400414.appspot.com/MantID_assets/Chlidonoptera_lestoni_M_DH_100mm_1	1.jpg_"	"https://storage.googleapis.com/august-storm-400414.appspot.com/MantID_assets/Chlidonoptera_lestoni_F_DH_100mm_1	2_F5.jpg_"
NC_069808.1	Cilnia_humeralis	B	M	B	yes	"https://storage.googleapis.com/august-storm-400414.appspot.com/MantID_assets/Cilnia_humeralis_HM_DH_50mm_1	3.jpg_"	"https://storage.googleapis.com/august-storm-400414.appspot.com/MantID_assets/NHMW-44_Cilnia_humeralis_F_DH_5d100mm_1	2_ZS.jpg_"
NC_069809.1	Citharomantis_falcata	M	M	M	no	https://www.inaturalist.org/observations/259882750_	"https://storage.googleapis.com/august-storm-400414.appspot.com/MantID_assets/GSMC003538_Citharomantis_falcata_F_DH_100mm_1	2.jpg_"
KX434867.1	Creobroter_apicalis	M	M	M	no	https://www.inaturalist.org/observations/193382978_	"https://storage.googleapis.com/august-storm-400414.appspot.com/MantID_assets/Creobroter_apicalis_Holotype_F_DH_50mm_1	2.jpg_"
KX091851.1	Creobroter_elongata	M	M	M	no	"https://storage.googleapis.com/august-storm-400414.appspot.com/MantID_assets/Creobroter_elongata_Type_M_DH_50mm_1	2_F5.jpg"	"https://storage.googleapis.com/august-storm-400414.appspot.com/MantID_assets/Creobroter_elongata_Type_F_DH_50mm_1	2_F5.jpg_"
NC_030267.1	Creobroter_gemmatus	M	M	M	no	"https://storage.googleapis.com/august-storm-400414.appspot.com/MantID_assets/GSMC003909_DH_50mm_1	2.5.jpg_"	"https://storage.googleapis.com/august-storm-400414.appspot.com/MantID_assets/GSMC003984_DH_50mm_1	2.jpg_"
NC_037234.1	Creobroter_jiangxiensis	M	M	M	no	https://www.inaturalist.org/observations/252287680_	https://www.inaturalist.org/observations/242904158_
MW222469.1	Creobroter_sp.	M	M	M	no	"https://storage.googleapis.com/august-storm-400414.appspot.com/MantID_assets/GSMC005245_DH_M_50mm_1	2.jpg_"	"https://storage.googleapis.com/august-storm-400414.appspot.com/MantID_assets/GSMC005246_DH_M_50mm_1	2.jpg_"
KX434844.1	Decimiana_sp.	M	M	B	yes	"https://storage.googleapis.com/august-storm-400414.appspot.com/MantID_assets/Acanthops_bolivari_Syntype_F_DH_100mm_1	2x_F5.jpg_"	
KX434834.1	Deroplatys_desiccata	M	M	M	no	https://www.inaturalist.org/taxa/548630-Deroplatys-desiccata/browse_photos_	..
KY689113.1	Deroplatys_desiccata_2	M	M	M	no	https://www.inaturalist.org/taxa/548630-Deroplatys-desiccata/browse_photos_	..
KX434850.1	Deroplatys_lobata	M	M	M	no	https://www.inaturalist.org/taxa/639234-Deroplatys-lobata/browse_photos_	..
NC_069810.1	Deroplatys_truncata	M	M	M	no	https://www.inaturalist.org/taxa/577907-Deroplatys-truncata/browse_photos_	
KX434825.1	Empusa_pennicornis	M	M	M	no	"https://storage.googleapis.com/august-storm-400414.appspot.com/MantID_assets/GSMC003963_Empusa_sp_M_DH_50mm_1	4.jpg_"	"https://storage.googleapis.com/august-storm-400414.appspot.com/MantID_assets/Empusa_sp(Kenya)_F_DH_50mm_1	4.jpg_"
NC_037208.1	Eomantis_yunnanensis	M	M	M	no	https://www.inaturalist.org/taxa/1097249-Eomantis-yunnanensis/browse_photos_	..
MK400676.1	Eremiaphila_sp.	B	B	B	B	"https://storage.googleapis.com/august-storm-400414.appspot.com/MantID_assets/GSMC005620_Eremiaphila_sp_M_DH_100mm_1	1.5.jpg_"	"https://storage.googleapis.com/august-storm-400414.appspot.com/MantID_assets/GSMC006271_Eremiaphila_sp_F_DH_100mm_1	1.jpg_"
NC_077478.1	Galinthias_amoena	M	M	M	no	"https://storage.googleapis.com/august-storm-400414.appspot.com/MantID_assets/GSMC004701_Galinthias_F_DH_100mm_1	1.5.jpg_"	"https://storage.googleapis.com/august-storm-400414.appspot.com/MantID_assets/Galinthias_amoena_F_DH_100mm_1	1.5.jpg_"
KX434815.1	Gongylus_gongylodes	M	M	B	yes	"https://storage.googleapis.com/august-storm-400414.appspot.com/MantID_assets/USNMENT01073143_Gongylus_gongyloides_M_DH_50mm_1	4.jpg_"	"https://storage.googleapis.com/august-storm-400414.appspot.com/MantID_assets/USNMENT_Gongylus_gongyloides_F_DH_50mm_1	4.jpg"
NC_086831.1	Gonypeta_brunneri	B	M	B	yes	https://www.inaturalist.org/observations/327523739_	"https://storage.googleapis.com/august-storm-400414.appspot.com/MantID_assets/NHMW-4_Gonypeta_punctata_F_DH_5d100mm_1	1_ZS.jpg_"
OM177664.1	Gonypeta_sp.	B	M	B	yes	"https://storage.googleapis.com/august-storm-400414.appspot.com/MantID_assets/NHMW-5_Gonypeta_brigittae_M_DH_5d100mm_1	1_ZS.jpg_"	"https://storage.googleapis.com/august-storm-400414.appspot.com/MantID_assets/NHMW-6_Gonypeta_brigittae_PF_DH_5d100mm_1	1.5_ZS.jpg_"
KY689130.1	Haania_sp.	B	M	B	yes	https://www.inaturalist.org/taxa/362510-Haania-vitalisi/browse_photos	https://www.inaturalist.org/observations/115677925
KX434845.1	Haania_vitalisi	B	M	B	yes	https://www.inaturalist.org/taxa/362510-Haania-vitalisi/browse_photos	https://www.inaturalist.org/observations/115677926_
KX434859.1	Hestiasula_hoffmanni	B	M	B	yes	https://www.inaturalist.org/observations/265242474_	..
KX091855.1	Hestiasula_sp.	M	M	M	no	https://www.inaturalist.org/observations/205546316_	"https://storage.googleapis.com/august-storm-400414.appspot.com/MantID_assets/GSMC005239_DH_M_50mm_1	2.jpg_"
KX434823.1	Heterochaeta_sp.	M	M	B	yes	https://www.inaturalist.org/observations/268890450_	"https://storage.googleapis.com/august-storm-400414.appspot.com/MantID_assets/GSMC006272_Heterochaeta_sp_F_DH_50mm_1	5.jpg"
NC_065745.1	Hierodula_chinensis	M	M	M	no	https://www.inaturalist.org/observations/268197791_	https://www.inaturalist.org/observations/187791433_
NC_029326.1	Hierodula_formosana	M	M	M	no	https://www.inaturalist.org/observations/225062702_	https://www.inaturalist.org/observations/15444278_
NC_086819.1	Hierodula_latipennis	M	M	M	no	https://www.inaturalist.org/observations/195808836_	https://www.inaturalist.org/observations/282875141_
OK542392.1	Hierodula_longa	M	M	M	no	https://www.inaturalist.org/observations/186447323_	https://www.inaturalist.org/observations/248221652_
NC_065758.1	Hierodula_maculata	M	M	M	no	https://www.inaturalist.org/taxa/1097251-Hierodula-maculata/browse_photos_	https://www.inaturalist.org/observations/303733205_
KX434819.1	Hierodula_majuscula	M	M	M	no	https://www.inaturalist.org/taxa/566613-Hierodula-majuscula/browse_photos_	https://www.inaturalist.org/observations/214525283_
NC_048984.1	Hierodula_membranacea	M	M	M	no	https://www.inaturalist.org/observations/349385614_	https://www.inaturalist.org/observations/113641145_
KX434830.1	Hierodula_multispina	M	M	M	no	https://www.inaturalist.org/taxa/328037-Hierodula-patellifera/browse_photos_	https://www.inaturalist.org/observations/66528867_
NC_034283.1	Hierodula_patellifera	M	M	M	no	https://www.inaturalist.org/taxa/328037-Hierodula-patellifera/browse_photos_	https://www.inaturalist.org/observations/66528867
OL414959.1	Hierodula_sp.	M	M	M	no	""""""	""""""
MW357298.1	Hierodula_sp._2	M	M	M	no	""""""	""""""
NC_065746.1	Hierodula_zhangi	M	M	M	no	""""""	""""""
KY689136.1	Hierodulella_sp.	M	M	M	no	https://www.inaturalist.org/taxa/748159-Hierodulella/browse_photos	..
NC_030264.1	Humbertiella_nada	B	M	B	yes	"https://storage.googleapis.com/august-storm-400414.appspot.com/MantID_assets/GSMC003916_DH_50mm_1	2.5.jpg"	"https://storage.googleapis.com/august-storm-400414.appspot.com/MantID_assets/Humbertiella_laosana_Holotype_F_DH_100mm_1	1.jpg_"
KX434857.1	Humbertiella_nada_2	B	M	B	yes	"https://storage.googleapis.com/august-storm-400414.appspot.com/MantID_assets/GSMC003916_DH_50mm_1	2.5.jpg_"	"https://storage.googleapis.com/august-storm-400414.appspot.com/MantID_assets/Humbertiella_africana_HoloM_DH_50mm_1	2.jpg_"
MG888449.1	Hymenopus_coronatoides	M	M	M	no	"https://storage.googleapis.com/august-storm-400414.appspot.com/MantID_assets/GSMC000528_DH_50mm_1	2.5.jpg_"	"https://storage.googleapis.com/august-storm-400414.appspot.com/MantID_assets/Hymenopus_coronatus_Holotype1_F_DH_50mm_1	2.jpg_"
KX434861.1	Hymenopus_coronatus	M	M	M	no	"https://storage.googleapis.com/august-storm-400414.appspot.com/MantID_assets/GSMC000528_DH_50mm_1	2.5.jpg_"	"https://storage.googleapis.com/august-storm-400414.appspot.com/MantID_assets/Hymenopus_coronatus_Holotype1_F_DH_50mm_1	2.jpg_"
KX434864.1	Idolomantis_diabolica	M	M	M	no	"https://storage.googleapis.com/august-storm-400414.appspot.com/MantID_assets/GSMC005123_DH_50mm_1	5.jpg_"	"https://storage.googleapis.com/august-storm-400414.appspot.com/MantID_assets/Idolomantis_diabolica_Holotype_F_DH_50mm_1	4x_F5.jpg_"
KX434824.1	Idolomorpha_lateralis	M	M	M	no	"https://storage.googleapis.com/august-storm-400414.appspot.com/MantID_assets/Idolomorpha_spinifrons_Holotype_M_DH_50mm_1	4x_F5.jpg_"	
KX434820.1	Iris_polystictica	B	M	B	yes	"https://storage.googleapis.com/august-storm-400414.appspot.com/MantID_assets/Iris_tiflisina_SM_DH_100mm_1	2.jpg_"	"https://storage.googleapis.com/august-storm-400414.appspot.com/MantID_assets/Iris_tiflisina_SF_DH_100mm_1	2.jpg_"
NC_024028.1	Leptomantella_albella	M	M	M	no	"https://storage.googleapis.com/august-storm-400414.appspot.com/MantID_assets/MNHN-47_Leptomantella_albella_M_DH_100mm_1	1.jpg_"	"https://storage.googleapis.com/august-storm-400414.appspot.com/MantID_assets/MNHN-46_Leptomantella_albella_F_DH_100mm_1	1.5.jpg_"
MG888453.1	Leptomantella_lactea	M	M	M	no	"https://storage.googleapis.com/august-storm-400414.appspot.com/MantID_assets/NHMW-64_Leptomantella_lactea_M_DH_100mm_1	1.jpg_"	"https://storage.googleapis.com/august-storm-400414.appspot.com/MantID_assets/NHMW-65_Leptomantella_lactea_F_DH_100mm_1	1.5.jpg_"
OM202571.1	Leptomantella_sp.	M	M	M	no		"https://storage.googleapis.com/august-storm-400414.appspot.com/MantID_assets/GSMC003915_DH_100mm_1	2.jpg_"
OK480879.1	Leptomantella_tonkinae	M	M	M	no		"https://storage.googleapis.com/august-storm-400414.appspot.com/MantID_assets/GSMC003915_DH_100mm_1	2.jpg_"
PP072306.1	Majangella_moultoni	M	M	M	no	"https://storage.googleapis.com/august-storm-400414.appspot.com/MantID_assets/GSMC005127_DH_50mm_1	2.5.jpg_"	"https://storage.googleapis.com/august-storm-400414.appspot.com/MantID_assets/GSMC005128_DH_50mm_1	3.jpg"
NC_030265.1	Mantis_religiosa	M	M	M	no	"https://storage.googleapis.com/august-storm-400414.appspot.com/MantID_assets/GSMC006127_Mantis_religiosa_M_DH_50mm_1	3.jpg_"	https://www.inaturalist.org/observations/248318729_
MN267041.1	Mekongomantis_quinquespinosa	M	M	M	no	https://www.inaturalist.org/observations/322856086_	https://www.inaturalist.org/observations/199777062_
MW357300.1	Mesopteryx_alata	M	M	M	no	https://www.inaturalist.org/taxa/749816-Mesopteryx-alata/browse_photos	..
KX434813.1	Mesopteryx_alata_2	M	M	M	no	https://www.inaturalist.org/taxa/749816-Mesopteryx-alata/browse_photos_	..
KX434871.1	Metallyticus_sp.	M	M	M	no	"https://storage.googleapis.com/august-storm-400414.appspot.com/MantID_assets/GSMC003487_Metallyticus_splendidus_M_DH_50mm_1	2.5.jpg_"	"https://storage.googleapis.com/august-storm-400414.appspot.com/MantID_assets/GSMC003488_Metallyticus_splendidus_F_DH_50mm_1	2.5.jpg_"
MG888455.1	Metallyticus_splendidus	M	M	M	no	"https://storage.googleapis.com/august-storm-400414.appspot.com/MantID_assets/GSMC003487_Metallyticus_splendidus_M_DH_50mm_1	2.5.jpg_"	"https://storage.googleapis.com/august-storm-400414.appspot.com/MantID_assets/GSMC003488_Metallyticus_splendidus_F_DH_50mm_1	2.5.jpg_"
KX434808.1	Miomantis_caffra	B	M	B	yes	https://www.inaturalist.org/taxa/207583-Miomantis-caffra/browse_photos_	..
OM202562.1	Miromantis_sp.	M	M	M	no	https://www.inaturalist.org/taxa/479762-Miromantis/browse_photos_	..
KX434810.1	Miromantis_yunnanensis	M	M	M	no	"https://storage.googleapis.com/august-storm-400414.appspot.com/MantID_assets/Miromantis_mirandula_M_DH_100_1	1.jpg_"	https://www.inaturalist.org/observations/255289896_
KX434858.1	Neodanuria_bolauana	B	B	B	no	"https://storage.googleapis.com/august-storm-400414.appspot.com/MantID_assets/Danuria_bolauana_Holotype_M_DH_50mm_1	3x_F5.jpg_"	
PP072307.1	Odontomantis_sp.	M	M	M	no	"https://storage.googleapis.com/august-storm-400414.appspot.com/MantID_assets/GSMC004564_DH_100mm_1	1.5.jpg_"	"https://storage.googleapis.com/august-storm-400414.appspot.com/MantID_assets/GSMC003982_DH_100mm_1	2.jpg_"
KX434842.1	Orthodera_ministralis	M	M	M	no	https://www.inaturalist.org/observations/39342861_	https://www.inaturalist.org/observations/25056118_
NC_086621.1	Otomantis_scutigera	M	M	M	no	https://www.inaturalist.org/taxa/680408-Otomantis-scutigera/browse_photos	..
KX434856.1	Otomantis_sp.	M	M	M	no	https://www.inaturalist.org/taxa/680408-Otomantis-scutigera/browse_photos	
NC_069811.1	Pachymantis_bicingulata	M	M	M	no	https://www.inaturalist.org/observations/359738484_	https://www.inaturalist.org/observations/305933005_
PP438770.1	Panurgica_fratercula	B	M	B	yes	"https://storage.googleapis.com/august-storm-400414.appspot.com/MantID_assets/USNMENT00873987_DH_100mm_1	1.jpg_"	"https://storage.googleapis.com/august-storm-400414.appspot.com/MantID_assets/Panurgica_compressicollis_Holotype_F_DH_50mm_1	2_F5.jpg_"
KY689117.1	Parablepharis_kuhlii	B	M	B	yes	"https://storage.googleapis.com/august-storm-400414.appspot.com/MantID_assets/GSMC005126_Parablepharis_kuhlii_DH_50mm_1	4.jpg_"	https://www.inaturalist.org/observations/309164716_
MG888456.1	Parablepharis_kuhlii_asiatica	B	M	B	yes	"https://storage.googleapis.com/august-storm-400414.appspot.com/MantID_assets/GSMC005126_Parablepharis_kuhlii_DH_50mm_1	4.jpg_"	https://www.inaturalist.org/observations/309164716_
NC_066978.1	Parasphendale_agrionina	B	M	B	yes	https://www.inaturalist.org/taxa/509530-Parasphendale-agrionina/browse_photos_	..
MG888457.1	Paratoxodera_gigliotosi	M	M	M	no	"https://storage.googleapis.com/august-storm-400414.appspot.com/MantID_assets/Paratoxodera_gigliotosi_HM_DH_50mm_1	4.jpg"	
NC_037697.1	Paratoxodera_polyacantha	M	M	M	no		
KX434870.1	Parymenopus_davisoni	M	M	M	no	https://www.inaturalist.org/taxa/749330-Helvia-cardinalis/browse_photos_	..
NC_086795.1	Phyllocrania_paradoxa	B	M	B	yes	"https://storage.googleapis.com/august-storm-400414.appspot.com/MantID_assets/GSMC000550_Phyllocrania_paradoxa_M_DH_50mm_1	2.5.jpg_"	"https://storage.googleapis.com/august-storm-400414.appspot.com/MantID_assets/Phyllocrania_paradoxa_holotype_F_DH_50mm_1	2.jpg_"
NC_086622.1	Phyllothelys_breve	M	M	M	no	https://www.inaturalist.org/taxa/748956-Phyllothelys-breve/browse_photos_	..
MT024239.1	Phyllothelys_breve_2	M	M	M	no	https://www.inaturalist.org/taxa/748956-Phyllothelys-breve/browse_photos_	..
KX091863.1	Phyllothelys_shaanxiense	M	M	M	no	https://scholar.google.com/scholar?hl=it&as_sdt=0%2C5&q=Taxonomic+revision+of+the+genus+Phyllothelys+Wood-Mason+%28Mantodea%3A+Hymenopodidae%29+from+China&btnG=_	
NC_086824.1	Phyllothelys_sinensis	M	M	M	no	https://www.inaturalist.org/taxa/1610876-Phyllothelys-sinense/browse_photos_	..
KY689119.1	Phyllothelys_sp.	M	M	M	no	"https://storage.googleapis.com/august-storm-400414.appspot.com/MantID_assets/GSMC003931_DH_100mm_1	2.jpg_"	
NC_086825.1	Phyllothelys_werneri	M	M	M	no	"https://storage.googleapis.com/august-storm-400414.appspot.com/MantID_assets/Phyllothelys_werneri_Syntype_M_DH_50mm_1	1.jpg"	
NC_051490.1	Pliacanthopus_bimaculatus	M	M	M	no	https://www.inaturalist.org/observations/223516182_	"https://storage.googleapis.com/august-storm-400414.appspot.com/MantID_assets/MNHN-6_Xanthomantis_bimaculata_F_DH_100mm_1	1.jpg_"
KX434821.1	Plistospilota_sp.	M	M	M	no	https://www.inaturalist.org/taxa/196830-Plistospilota/browse_photos_	..
KX434851.1	Pnigomantis_medioconstricta	M	M	M	no	https://www.inaturalist.org/observations/26311078_	https://www.inaturalist.org/observations/300321497_
KX434863.1	Polyspilota_griffinii	M	M	M	no	https://scholar.google.com/scholar?hl=it&as_sdt=0%2C5&q=A+survey+of+the+praying+mantises+of+Rwanda%2C+including+new+records+%28Insecta%2C+Mantodea%29&btnG=_	
KX434839.1	Popa_spurca	B	M	B	yes		"https://storage.googleapis.com/august-storm-400414.appspot.com/MantID_assets/Popa_batesi_SF_DH_50mm_1	3.jpg_"
KX434855.1	Prohierodula_picta	B	M	B	yes	https://www.inaturalist.org/observations/115088506_	https://www.inaturalist.org/observations/261532160_
KX434868.1	Prohierodula_sp.	B	M	B	yes	https://www.inaturalist.org/observations/115088506_	https://www.inaturalist.org/observations/261532160_
PV564197.1	Pseudacanthops_lobipes	B	M	B	yes	"https://storage.googleapis.com/august-storm-400414.appspot.com/MantID_assets/Pseudacanthops_lobipes_holotype_M_DH_50mm_1	2.jpg_"	
NC_086821.1	Pseudempusa_pinnapavonis	B	M	B	yes	https://www.inaturalist.org/observations/36124983	https://www.inaturalist.org/observations/283857922_
KX434847.1	Pseudempusa_pinnapavonis_2	B	M	B	yes	https://www.inaturalist.org/observations/36124983_	https://www.inaturalist.org/observations/283857922_
KX434811.1	Pseudocreobotra_wahlbergii	M	M	M	no	https://www.inaturalist.org/observations/9074254_	https://www.inaturalist.org/observations/16478983_
KX434841.1	Pseudogalepsus_sp.	B	M	B	yes	"https://storage.googleapis.com/august-storm-400414.appspot.com/MantID_assets/NHMW-18_Pseudogalepsus_modestior_M_DH_100mm_1	1.5.jpg_"	"https://storage.googleapis.com/august-storm-400414.appspot.com/MantID_assets/NHMW-18_Pseudogalepsus_dispar_F_DH_100mm_1	1.5.jpg_"
KX434838.1	Pseudovates_chlorophaea	M	M	M	no	https://www.inaturalist.org/taxa/745988-Pseudovates-chlorophaea/browse_photos_	https://www.inaturalist.org/observations/111875484_
MW357301.1	Pseudovates_peruviana	M	M	M	no	https://www.inaturalist.org/observations/295913069_	https://www.inaturalist.org/observations/157964824_
16CI1f	Pseudoyersinia_betancuriae	A	A	A	no	https://www.inaturalist.org/observations/36106582_	https://storage.googleapis.com/august-storm-400414.appspot.com/MantID_assets/Pseudoyersinia_betancuriae_Holotype_F_DH_65mm_1x_F5.jpg_
NC_045876.1	Psychomantis_borneensis	M	M	M	no	https://www.inaturalist.org/observations/249462258_	"https://storage.googleapis.com/august-storm-400414.appspot.com/MantID_assets/GSMC003985_Psychomantis_borneensis_F_DH_50mm_1	3.jpg_"
NC_077477.1	Raptrix_fusca	B	M	B	yes	"https://storage.googleapis.com/august-storm-400414.appspot.com/MantID_assets/Acontista_westwoodi_Syntype_M_DH_100mm_1	2_F5.jpg"	
NC_034282.1	Rhombodera_brachynota	M	M	M	no		
KX091864.1	Rhombodera_latipronotum	M	M	M	no	https://www.inaturalist.org/observations/346776159_	https://www.inaturalist.org/observations/339152946_
NC_051489.1	Rhombodera_longa	M	M	M	no		
KX619654.1	Rhombodera_sp.	M	M	M	no	https://www.inaturalist.org/taxa/489507-Rhombodera/browse_photos_	
NC_034284.1	Rhombodera_valida	M	M	M	no	https://www.inaturalist.org/observations/112909974_	
RBE05	Rivetina_baetica	B	M	B	yes	https://www.inaturalist.org/observations/300506185_	"https://storage.googleapis.com/august-storm-400414.appspot.com/MantID_assets/NHMW_Rivetina_baetica_F_DH_50mm_1	2.jpg_"
NC_037206.1	Sceptuchus_simplex	M	M	M	no		"https://storage.googleapis.com/august-storm-400414.appspot.com/MantID_assets/NHMW-36_Sceptuchus_sinecus_F_DH_100mm_1	1.jpg_"
NC_037207.1	Schizocephala_bicornis	M	M	B	yes	"https://storage.googleapis.com/august-storm-400414.appspot.com/MantID_assets/GSMC003336_DH_50mm_1	5.jpg"	"https://storage.googleapis.com/august-storm-400414.appspot.com/MantID_assets/GSMC003337_Schizocephala_DH_50mm_1	6.jpg_"
NC_037235.1	Sibylla_pretiosa	M	M	M	no	"https://storage.googleapis.com/august-storm-400414.appspot.com/MantID_assets/GSMC003533_DH_50mm_1	2.5.jpg_"	"https://storage.googleapis.com/august-storm-400414.appspot.com/MantID_assets/GSMC004205_DH_50mm_1	3.jpg_"
NC_063851.1	Sinomantis_denticulata	M	M	M	no		"https://storage.googleapis.com/august-storm-400414.appspot.com/MantID_assets/NHMW-37_Sinomantis_denticulata_PF_DH_100mm_1	1.5.jpg_"
KX434860.1	Sinomiopteryx_grahami	M	M	A	yes	https://www.inaturalist.org/taxa/750668-Sinomiopteryx-grahami/browse_photos_	..
MG888464.1	Sinomiopteryx_guangxiensis	M	M	A	yes	https://www.inaturalist.org/observations/248606358_	https://www.inaturalist.org/observations/248437696_
OM202561.1	Sinomiopteryx_sp.	M	M	A	yes	https://www.inaturalist.org/observations/248606358_	https://www.inaturalist.org/observations/248437696_
NC_037204.1	Sphodromantis_lineola	M	M	M	no	"https://storage.googleapis.com/august-storm-400414.appspot.com/MantID_assets/Sphodromantis_lineola_pinguis_PM_DH_50mm_1	2.5.jpg_"	"https://storage.googleapis.com/august-storm-400414.appspot.com/MantID_assets/Sphodromantis_lineola_pinguis_HM_DH_50mm_1	2.5.jpg_"
KX434840.1	Sphodromantis_viridis	M	M	M	no	https://www.inaturalist.org/observations/112194670_	https://www.inaturalist.org/observations/43106475_
KX434816.1	Spilomantis_occipitalis	M	M	M	no	https://www.inaturalist.org/observations/93026115_	..
KX091854.1	Spilomantis_occipitalis_2	M	M	M	no	https://www.inaturalist.org/observations/93026116_	..
MW357302.1	Stagmatoptera_biocellata	M	M	M	no	"https://storage.googleapis.com/august-storm-400414.appspot.com/MantID_assets/Stagmatoptera_biocellata_M_DV_50mm_1	4.jpg_"	"https://storage.googleapis.com/august-storm-400414.appspot.com/MantID_assets/Stagmatoptera_biocellata_HF_DH_50mm_1	4.jpg_"
NC_086820.1	Statilia_agresta	M	M	M	no		
NC_065761.1	Statilia_flavobrunnea	M	M	M	no	https://www.inaturalist.org/observations/305987950_	https://www.inaturalist.org/observations/279648006
NC_065760.1	Statilia_maculata	M	M	M	no	https://www.inaturalist.org/observations/94523717_	..
KU201316.1	Statilia_sp.	M	M	M	no		"https://storage.googleapis.com/august-storm-400414.appspot.com/MantID_assets/GSMC004563_Statilia_sp_F_DH_50mm_1	4.jpg_"
OL414957.1	Statilia_sp._2	M	M	M	no		"https://storage.googleapis.com/august-storm-400414.appspot.com/MantID_assets/GSMC004563_Statilia_sp_F_DH_50mm_1	4.jpg_"
KY689118.1	Stenotoxodera_porioni	M	M	M	no	https://www.inaturalist.org/observations/152635338_	
NC_007702.1	Tamolanica_tamolana	M	M	M	no	https://www.inaturalist.org/observations/3217594_	https://www.inaturalist.org/observations/65795282_
KX434862.1	Tarachomantis_alaotrana	M	M	M	no	https://www.inaturalist.org/taxa/750057-Tarachomantis-alaotrana/browse_photos_	..
KX434817.1	Taumantis_sigiana	B	M	B	yes	https://www.littlebigworlds.com/systematik/miomantidae/taumantis-sigiana/_	..
NC_065759.1	Tenodera_angustipennis	M	M	M	no		https://www.inaturalist.org/observations/18776729_
OK542393.1	Tenodera_aridifolia_brevicollis	M	M	M	no	https://www.inaturalist.org/observations/47228337_	"https://storage.googleapis.com/august-storm-400414.appspot.com/MantID_assets/Mantis_japonica_holotype_F_DH_50mm_1	4x_F5.jpg_"
NC_030266.1	Tenodera_sinensis	M	M	M	no	https://www.inaturalist.org/observations/135886284_	https://www.inaturalist.org/observations/193572823_
OM202552.1	Tenodera_sp.	M	M	M	no	https://www.inaturalist.org/observations/135886284_	https://www.inaturalist.org/observations/193572823_
NC_086832.1	Theopompa_maculosa	B	M	B	yes	https://www.inaturalist.org/observations/222070053_	..
KX434849.1	Theopompa_milligratulata	B	M	B	yes		
NC_086827.1	Theopompa_ophthalmica	B	M	B	yes		"https://storage.googleapis.com/august-storm-400414.appspot.com/MantID_assets/Theopompa_blanchardi_Holotype_F_DH_50mm_1	3.jpg_"
KU201314.1	Theopompa_sp.	B	M	B	yes		
KX434829.1	Theopropus_cattulus	M	M	M	no	"https://storage.googleapis.com/august-storm-400414.appspot.com/MantID_assets/Creobroter_cattulus_Holotype_M_DH_100mm_1	1_F5.jpg"	
KY689125.1	Theopropus_elegans	M	M	M	no	"https://storage.googleapis.com/august-storm-400414.appspot.com/MantID_assets/Creobroter_elegans_Holotype_M_DH_100mm_1	1.jpg"	"https://storage.googleapis.com/august-storm-400414.appspot.com/MantID_assets/GSMC002149_DH_50mm_1	3.jpg"
KX434818.1	Theopropus_rubrobrunneus	M	M	M	no	https://www.inaturalist.org/observations/66961505_	https://www.inaturalist.org/observations/59201522_
NC_086823.1	Theopropus_sinecus	M	M	M	no	https://www.inaturalist.org/observations/233690782	https://www.inaturalist.org/observations/147262807_
OM202564.1	Theopropus_sp.	M	M	M	no	"https://storage.googleapis.com/august-storm-400414.appspot.com/MantID_assets/GSMC004569_Theopropus_sp_M_DH_100mm_1	2.jpg_"	"https://storage.googleapis.com/august-storm-400414.appspot.com/MantID_assets/USNMENT01073154_Phyllothelys_westwoodi_DH_50mm_1	2.5.jpg_"
KX434837.1	Toxodera_hauseri	B	M	B	yes	"https://storage.googleapis.com/august-storm-400414.appspot.com/MantID_assets/Toxodera_hauseri_HM_DH_50mm_1	4.jpg_"	
NC_037205.1	Tropidomantis_tenera	M	M	M	no		https://storage.googleapis.com/august-storm-400414.appspot.com/MantID_assets/NRM-MANT0000448_Tropidomantis_tenera_dors.jpg_
MW357303.1	Yersinia_mexicana	M	M	A	yes	"https://storage.googleapis.com/august-storm-400414.appspot.com/MantID_assets/Yersinia_mexicanus_HM_DH_100mm_1	2.jpg_"	"https://storage.googleapis.com/august-storm-400414.appspot.com/MantID_assets/USNMENT00874552_Yersinia_mexicana_F_DH_100mm_1	1.5.jpg_"
